[
  {
    "stationName": "ABER",
    "stationCode": "ABE"
  },
  {
    "stationName": "Adderley Park",
    "stationCode": "ADD"
  },
  {
    "stationName": "Bank Hall",
    "stationCode": "BAH"
  },
  {
    "stationName": "Clandon",
    "stationCode": "CLA"
  },
  {
    "stationName": "Grove Park",
    "stationCode": "GRP"
  },
  {
    "stationName": "Guide Bridge",
    "stationCode": "GUI"
  },
  {
    "stationName": "Gunnislake",
    "stationCode": "GSL"
  },
  {
    "stationName": "Gunton",
    "stationCode": "GNT"
  },
  {
    "stationName": "Gypsy Lane",
    "stationCode": "GYP"
  }
]