{"main":"mytrains-process-api.raml","name":"myTrains Process API","classifier":"raml","tags":[],"dependencies":[{"groupId":"cd5bf5d6-a7c5-40f7-a8db-9f1046bbc2fd","assetId":"mytrains-datatype-library","version":"1.0.10"}],"groupId":"cd5bf5d6-a7c5-40f7-a8db-9f1046bbc2fd","assetId":"mytrains-process-api","version":"1.0.7","apiVersion":"v1","originalFormatVersion":"1.0","metadata":{"projectId":"62d59ccf-197b-4b06-8c1c-a7d85089d89b","branchId":"master","commitId":"84e4ec16f6f3006c5557f98c5a6a7037d747a465"}}