[
  {
    "stationName": "ABER",
    "stationCode": "ABE",
    "postCodes": [
                  "W1T 5BA",
                  "WC1N 1JE",
                  "W1W 5JL",
                  "WC1N 1HX",
                  "EC1M 6EF",
                  "W1T 2HF"
                ]
  },
  {
    "stationName": "Adderley Park",
    "stationCode": "ADD",
    "postCodes": [
                  "W1T 5BA",
                  "WC1N 1JE",
                  "W1W 5JL",
                  "WC1N 1HX",
                  "EC1M 6EF",
                  "W1T 2HF"
                ]
  },
  {
    "stationName": "Bank Hall",
    "stationCode": "BAH",
    "postCodes": [
                  "W1T 5BA",
                  "WC1N 1JE",
                  "W1W 5JL",
                  "WC1N 1HX",
                  "EC1M 6EF",
                  "W1T 2HF"
                ]
  },
  {
    "stationName": "Clandon",
    "stationCode": "CLA",
    "postCodes": [
                  "W1T 5BA",
                  "WC1N 1JE",
                  "W1W 5JL",
                  "WC1N 1HX",
                  "EC1M 6EF",
                  "W1T 2HF"
                ]
  },
  {
    "stationName": "Grove Park",
    "stationCode": "GRP",
    "postCodes": [
                  "W1T 5BA",
                  "WC1N 1JE",
                  "W1W 5JL",
                  "WC1N 1HX",
                  "EC1M 6EF",
                  "W1T 2HF"
                ]
  },
  {
    "stationName": "Guide Bridge",
    "stationCode": "GUI",
    "postCodes": [
                  "W1T 5BA",
                  "WC1N 1JE",
                  "W1W 5JL",
                  "WC1N 1HX",
                  "EC1M 6EF",
                  "W1T 2HF"
                ]
  },
  {
    "stationName": "Gunnislake",
    "stationCode": "GSL",
    "postCodes": [
                  "W1T 5BA",
                  "WC1N 1JE",
                  "W1W 5JL",
                  "WC1N 1HX",
                  "EC1M 6EF",
                  "W1T 2HF"
                ]
  },
  {
    "stationName": "Gunton",
    "stationCode": "GNT",
    "postCodes": [
                  "W1T 5BA",
                  "WC1N 1JE",
                  "W1W 5JL",
                  "WC1N 1HX",
                  "EC1M 6EF",
                  "W1T 2HF"
                ]
  },
  {
    "stationName": "Gypsy Lane",
    "stationCode": "GYP",
    "postCodes": [
                  "W1T 5BA",
                  "WC1N 1JE",
                  "W1W 5JL",
                  "WC1N 1HX",
                  "EC1M 6EF",
                  "W1T 2HF"
                ]
  }
]